{"02_D4C": {"hybrid_test_runtime": [133838.546875, 131581.53125, 164422.75, 163746.65625, 127499.0546875, 121513.78125, 150490.40625, 121453.546875, 120619.5390625, 120523.46875, 121337.53125, 90394.625, 120570.6875, 120346.1171875, 120381.640625, 120441.8125, 120312.78125, 120298.0234375, 120385.8515625, 120362.8828125, 120323.8203125, 120354.71875, 150443.0625, 120259.1875, 120294.6796875, 90201.9921875, 90200.4375, 120326.1015625, 120254.0703125, 120317.734375, 120334.375, 120293.5, 120221.578125, 120272.8203125, 120273.359375, 150293.578125, 120240.1875, 120259.453125, 120277.09375, 120230.4140625, 150376.3125, 120293.46875, 120334.4453125, 120191.1640625, 150063.421875, 120062.90625, 90096.515625, 150125.59375, 119993.671875, 120004.453125, 119972.7109375, 120008.3125, 119933.6640625, 119927.25, 119903.5625, 119946.8125, 119946.6015625, 119961.6015625, 120120.5, 150181.359375, 120064.03125, 120019.28125, 120056.0390625, 119984.0078125, 120049.1875, 119970.484375, 119998.046875, 120091.59375, 90059.140625, 150061.234375, 120087.90625, 120013.4375, 120009.7890625, 119958.1328125, 119993.921875, 120014.4609375, 120033.921875, 119990.9296875, 119961.328125, 120043.53125, 180102.828125, 119987.1171875, 120055.4453125, 119968.109375, 119983.3046875, 150004.765625, 120004.9921875, 120020.46875, 120040.984375, 119960.8359375, 149998.625, 120053.0078125, 90006.6171875, 120005.5078125, 120162.7890625, 120139.828125, 120135.640625, 120136.3984375, 120179.84375, 120161.5546875], "hybrid_test_psnr": [33.09700231560821, 33.82604855658101, 30.747416117277385, 34.14356180474685, 30.20447362105802, 29.21388089115907, 31.577908225385304, 31.612980952729238, 33.01162572735349, 29.75735653091978, 34.57882856085195, 33.37535631068356, 29.84592791762565, 27.569352155652478, 29.774970982324945, 29.625345716573914, 29.5225977595072, 34.93255828732172, 28.994337306244717, 30.617043290390995, 30.539963301788923, 31.285149177852375, 30.49332387711626, 32.8238928852351, 29.086358696801987, 30.24271846369565, 32.0697538082502, 28.92854573213733, 31.322107536431965, 35.73803852614942, 29.763899412055977, 31.748328552411195, 36.5476757235384, 32.05261334252215, 27.338633390959203, 31.08378643158945, 36.90472081880401, 31.249260417599068, 31.6206964208931, 36.820542393104596, 28.586964990359675, 33.85257503769711, 29.95340836024189, 31.43846570414585, 29.45201886821522, 31.674896142065858, 29.90216828287544, 30.629339595816568, 28.214389802574278, 35.09463262502889, 28.124506382031914, 31.76738364873206, 32.35079396791189, 29.418715548183933, 29.665977173791788, 31.421051677487803, 32.36947751127055, 30.540348368805898, 28.839471608846022, 29.76780977207296, 34.683193581419104, 30.8292312981472, 31.85411693331039, 28.61616098043922, 28.237049382997128, 28.29156892962161, 35.13287951328757, 28.102809907021744, 31.129197781664107, 36.035075613676646, 30.308134981815137, 27.275287362272238, 27.741493172589784, 31.97832076957078, 30.35504162245349, 33.28264885958453, 28.518106146138177, 33.129228227460494, 34.70760131843717, 28.05328112736145, 31.751485399468066, 29.3135042681929, 33.854442358718885, 30.083774321061348, 28.268692352114762, 32.659633096180045, 28.376513452355763, 30.873724986400944, 35.60969319727295, 28.16664643391606, 31.59120028237792, 27.985934390948014, 28.562499701426567, 26.566322424699326, 28.44285675918387, 38.40646588978199, 26.55924915890337, 31.104947007145206, 32.02058828478932, 29.450279285886243], "hybrid_test_memory": 6615.89892578125, "hybrid_test_ave_runtime": 123192.06796875, "hybrid_test_ave_psnr": 31.04661857567179, "activations": 4111.073616, "num_conv": 1055, "flops": 3347.429843248, "num_parameters": 205.60916}}