{"02_D4C": {"hybrid_test_runtime": [47048.20703125], "hybrid_test_psnr": [15.517073390462837], "hybrid_test_memory": 6504.45556640625, "hybrid_test_ave_runtime": 47048.20703125, "hybrid_test_ave_psnr": 15.517073390462837, "activations": 4111.073616, "num_conv": 1055, "flops": 3347.429843248, "num_parameters": 205.60916}}